username,rating,useful,text,hashtags,retweets,date,mentions
bitethfinder,0,0,"Get Paid in # Bitcoin & # Altcoin Every 3 Hours 24/7 Passively For Being Part Of This Powerful Mining Pool. START MINING TODAY # BTC, # Ethereum, # Dash, # Burst, # Zcash, # Nem, # Monero, # XMR # GameCredit # Cryptocurrency # Money http://bit.ly/pwrmining pic.twitter.com/0Jy0FWFEYn",# # # # # # # # # # # # #,0,2018-02-17 23:59:35,
Milakovic16,0,0,# Digibyte # Ethereum # ripple # verge # crypto # xrb # ADA # XLM # stellar # iota # TRX # ZEC # binance # bittrex # XVG # DOGE # XEM # Dash # Litecoin # ETC # DGB $ BTC # Monero @ DigiByteCoin # BCH # bitcoincrash # cryptocurrency # BTFD # BULLISH # Crypto # ETHhttps://medium.com/@josiah_digibyte/digibyte-through-2018-wallets-algo-swap-and-why-you-dont-need-to-worry-about-a-fork-a22c407319d6 …,# # # # # # # # # # # # # # # # # # # # # # # # # # # # #,7,2018-02-17 23:59:30,@ @josiah_digibyte
travzilla88,0,0,Got a nice sea of # green right now on the # crypto charts! Lets keep it goin! # Bitcoin # BTC # Ethereum # ETH # Ripple # XRP # BitcoinCash # BCC # Litecoin # LTC # Cardano # NEO # Stellar # EOS # IOTA # DASH # NEM # Monero # Lisk # Tron #,# # # # # # # # # # # # # # # # # # # # # # #,0,2018-02-17 23:59:22,
cryptofficiel,0,0,Join Coinstock Airdrop : https://goo.gl/xPxcfU # btc # bitcoin # xrp # ripple # eth # ethereum # neo # xmr # monero # airdrop # crypto # cryptocurrency # litecoin # ltc # usd # euro # airdrops,# # # # # # # # # # # # # # # # #,0,2018-02-17 23:59:17,
suicidalbanker,0,0,"http://youtu.be/e_9QouZWUvc  ""Bitcoins war with Bitcoin cash explained"" # Bitcoin # Ethereum # Blockchain # Trading",# # # #,0,2018-02-17 23:59:11,
digitaltechnow,0,0,Vitalik Hopes New Ethereum Fund Will Deliver on Hype http://j.mp/2ENDRBl pic.twitter.com/R150Fy63Hu,,0,2018-02-17 23:59:04,
flashnewsportal,0,0,"Bitcoin, Ethereum, Litecoin, going down! http://fractt.com/bitcoin-ethereum-litecoin-going-down/ …",,0,2018-02-17 23:58:50,
yangneekang,0,0,SupplyChain # Manufacturing # ether # ethereum # bitcoin # cryptocurrency # smartmanufacturing # iiot # iot # advancedmanufacturing # smartfactory # innovation # connectedfactory # industry4.0 # neweconomy # bluecollar # workers # machinist # incentivehttps://twitter.com/SYNCFAB/status/964998031459405825 …,# # # # # # # # # # # # # # # # # #,1,2018-02-17 23:58:46,
KenichiHype,0,0,Ethereum $ ETH price: $974.43 QUICK! Sign up before Binance closes registration! http://binance.com/?ref=10078236 $ PIVX $ COVAL $ GRS $ XWC $ DPY $ EDO $ GNX $ GVT $ CLOAK $ PLR $ VERI $ IPC $ NEO $ ZEPH $ DOGE $ XEM $ CLAM $ NAS $ DCN $ EVX $ EXP $ POT $ READpic.twitter.com/14WBfEsARi,,0,2018-02-17 23:58:36,
HotCryptoCoins,0,0,FOLLOW US free for our # winning # Cryptocurrency & # ICO alerts # Crypto coins & # CRYPTOTRADING IS MAKING NEW MILLIONAIRES EVERY DAY HUGE GAINS IN A VERY SHORT TIME! DON'T MISS OUT! # Blockchain # BCC # bitcoin # Ethereum # BTC # eth # ltc # MoneyMoves # xrppic.twitter.com/FqgS1u4zaw,# # # # # # # # # # # # # #,1,2018-02-17 23:58:21,
freedomtank,0,0,"Here's When Crypto Goes Bullish - Bittrex Listings, Tether Ethereum, Reg... https://youtu.be/08atLlNWmlo  via @ YouTube",,0,2018-02-17 23:58:20,@
pmcl,0,0,They are both about utility....bitcoin has one utility and which does it well. Ethereum has many utilities of which ICOs/tokens it currently does well.,,0,2018-02-17 23:58:19,
Alsakmicom,0,0,# erc20 # hickytoken # ethereum # ethereumtokenhttps://twitter.com/HickyDapp/status/964515755822927872 …,# # # #,0,2018-02-17 23:58:13,
Alsakmicom,0,0,# erc20 # hickytoken # ethereum # ethereumtokenhttps://twitter.com/HickyDapp/status/964789194089488385 …,# # # #,0,2018-02-17 23:58:07,
LvxTenebrae,0,0,"Bitcoin, Ripple, Ethereum Rally Hard - Live Trading News http://dlvr.it/QGnhQB pic.twitter.com/AyQhfFenPm",,0,2018-02-17 23:57:41,
parth21shah,0,0,Requesting faucet funds into 0x04c4227Db023F07814c944c6aD0f9f548c1480BB on the # Rinkeby # Ethereum test network.,# #,0,2018-02-17 23:57:38,
gurbanwxjqta,0,0,ethereumイーサリアムのゲームがすでにやばいことに http://bitme.site/posts/40228,,0,2018-02-17 23:57:22,
MOHMOHA49964262,0,0,Free Ethereum - Earn $65 free eth in 5 minutes https://ethinvites.com # ethereum # freeeth # geteth,# # #,0,2018-02-17 23:57:19,
btcbreakingnews,0,0,"Bitcoin, Ripple, Ethereum Rally Hard http://snip.ly/cd242 # news # bitcoinpic.twitter.com/wSt55yWtD2",# #,0,2018-02-17 23:57:13,
CryptoTraderPro,0,0,"# Bitcoin Bitcoin, Ripple, Ethereum Rally Hard http://dlvr.it/QGnhJm  via → http://goo.gl/nnFPIZ",#,0,2018-02-17 23:57:09,
cbob1911,0,0,"Potentiam is the number 1 # decentralised music # social network, connecting # music creatives directly to their target market using # blockchain # technology Join the movement! https://t.me/potentiamgroup # cryptocurrency # ethereum # ICO # InitialCoinOffering # fintech $ VSM $ OPT",# # # # # # # # # #,3,2018-02-17 23:57:07,
twilightfunds,0,0,"Get paid for the computing power of your PC. Zenithminer generates cryptocurrency and pays you bitcoins or real-world money, be it dollars, rubles or any other currency. # Bitcoin # BitcoinToken # Ethereum # bitcoinmining # blockchain # cryptocurrency http://zenithminer.com",# # # # # #,0,2018-02-17 23:57:07,
PantallaTech,0,0,"La capitalización total del cripto mercado supera los $500 mil ... - Cointelegraph (Noticias sobre el Bitcoin, Ethereum y el blockchain) http://bit.ly/n-Bitcoin # Bitcoin # Finanzas # Internet",# # #,0,2018-02-17 23:57:07,
yangneekang,0,0,# Crafty # ICO # CraftyICO # easethework # Blockchain # Ethereum https://twitter.com/craftywork_/status/964663446053773312 …,# # # # # #,1,2018-02-17 23:57:06,
coinxinvest,0,0,Way to cause unnecessary FUD. Maybe ethereum will be worth nothing because you have an inferior product. # NEO # Cardano # AION # EOS,# # # #,0,2018-02-17 23:57:02,
dlrufkgk,0,0,"Ethereum Founder Buterin: ‘Traditional Assets Are Safest Bet’ for Life Savings Blockchain veteran Vitalik Buterin, co-founder of the Ethereum network behind No. pic.twitter.com/w8CkwrLRfo",,0,2018-02-17 23:56:38,
ernstmul,0,0,"New http://CoinShilling.com  live! Better graphs, better UI => don't miss it! # CoinShilling # XLM # stellarlumens $ XLM # crypto # bitcoin # ethereum pic.twitter.com/1LvbmBGZid",# # # # # #,0,2018-02-17 23:56:31,
Ozzmak,0,0,@ CarolineLundSF Caroline Lund – Move Your Body http://mi2n.com/press.php3?press_nb=193161 … @ leofrappier # dj # dancemusic # newmusicalert pic.twitter.com/f5rwQBaitS Join The eCoinNetwork. Learn all about # cryptocurency https://ozzmak.ecoinnetwork.com # ecoin # Bitcoin # ecoinnetwork # ethereum # tron # binace,# # # # # # # # # #,0,2018-02-17 23:56:16,@ @
Ozzmak,0,0,Move Your Body Feat. Leo Frappier (Leo Frappier Classic Electro Mix) http://ln.is/www.youtube.com/XXcXr … Follow @ leofrappier @ CarolineLundSF # dance # DJ Join The eCoinNetwork. Learn all about # cryptocurency https://ozzmak.ecoinnetwork.com # ecoin # Bitcoin # ecoinnetwork # ethereum # tron # information,# # # # # # # # #,1,2018-02-17 23:56:14,@ @
JoeManzanares,0,0,"Colorado Coin has been a hit at ETHDenver! Built using @ GetGitcoin bounties, it’s being used to feed 1,500 hackers at the food trucks outside while doubling as an ERC-20 token. # ETHDenver # Ethereum https://medium.com/gitcoin/colorado-coin-2fd9a52a88b6 …",# #,0,2018-02-17 23:55:59,@
CacheBoi,0,0,Ethereum is something more than a utility token to speculate on other utility tokens atm?,,0,2018-02-17 23:55:57,
GermanC90,0,0,"I'm literally considering pulling out a loan from my 401k and dumping it all on ripple, just waiting on the drop cause btc is over 11k again and Ethereum is up as well",,0,2018-02-17 23:55:56,
twilightfunds,0,0,"Get paid for the computing power of your PC. Zenithminer generates cryptocurrency and pays you bitcoins or real-world money, be it dollars, rubles or any other currency. # Bitcoin # BitcoinToken # Ethereum # bitcoinmining # blockchain # cryptocurrency http://zenithminer.com",# # # # # #,0,2018-02-17 23:55:49,
dappnews,0,0,The CryptoKitties Competitors: 4 Ethereum Games That Are Catching Up https://dappnews.io/news/item/s/The-CryptoKitties-Competitors-4-Ethereum-Games-That-Are-Catching-Up … # dApps,#,0,2018-02-17 23:55:46,
kukkupitiya,0,0,# IPSX # Crypto # Blockchain # Crowdfunding # ether # ethereum # bitcoin # cryptocurrency # ICO # tokensale # exchangehttps://twitter.com/ipexchange1/status/961213725821820928 …,# # # # # # # # # # #,0,2018-02-17 23:55:38,
xbreed5,0,0,With this project we will help undervalued coins to raise their price. Register at http://pumptoken.org/?r=140807#register … and get 300 free # PumpToken. # crypto # cryptopia # bitcoin # litecoin # ethereum # ripple # verge # binance # yobit # coinexchange,#register # # # # # # # # # # #,0,2018-02-17 23:55:23,
Ozzmak,0,0,Real Time Promotions to Real Fans http://www.musicartistnewspromotion.com/  http://ozzmaknews.com/ # promotions # exposure # ozzmak # news # RT Join The eCoinNetwork. Learn all about # cryptocurency https://ozzmak.ecoinnetwork.com # ecoin # Bitcoin # ecoinnetwork # ethereum # tronpic.twitter.com/xMkhKtItc7,# # # # # # # # # # #,0,2018-02-17 23:55:23,
AHappyPocket,0,0,Number of Crypto Hedge Funds Skyrocketing – Big Players Are Coming http://bit.ly/2C3jdw7 # bitcoin # ethereum # cryptocurrency # blockchain,# # # #,0,2018-02-17 23:55:19,
twilightfunds,0,0,"Get paid for the computing power of your PC. Zenithminer generates cryptocurrency and pays you bitcoins or real-world money, be it dollars, rubles or any other currency. # Bitcoin # BitcoinToken # Ethereum # bitcoinmining # blockchain # cryptocurrency http://zenithminer.com",# # # # # #,0,2018-02-17 23:55:11,
DonnyCrypto,0,0,I look forward to Ethereum being nothing more than a utility token to speculate on other utility tokens. Bitcoin will march on without the need for a centralized figurehead or a bunch of corporations behind it. I'll still dump the ICO garbage all over the market to make more BTC,,11,2018-02-17 23:55:03,
CryptoChatterz,0,0,Ethereum Price Technical Analysis – ETH/USD Eyes More Upsides https://goo.gl/mQJDS7 # Cardano # IOTA # dashcoin # EOS # litecoin # ltc # VergeCoin # SALT # monero # neo # lisk # stellar # TRX # DGB # ZCL # ICX # NXT # salt # Fuel # LINK # TNT # BNB # ICXpic.twitter.com/n1Y3sgjdnW,# # # # # # # # # # # # # # # # # # # # # # #,0,2018-02-17 23:55:00,
twilightfunds,0,0,"Get paid for the computing power of your PC. Zenithminer generates cryptocurrency and pays you bitcoins or real-world money, be it dollars, rubles or any other currency. # Bitcoin # BitcoinToken # Ethereum # bitcoinmining # blockchain # cryptocurrency http://zenithminer.com",# # # # # #,0,2018-02-17 23:54:51,
twilightfunds,0,0,"Get paid for the computing power of your PC. Zenithminer generates cryptocurrency and pays you bitcoins or real-world money, be it dollars, rubles or any other currency. # Bitcoin # BitcoinToken # Ethereum # bitcoinmining # blockchain # cryptocurrency http://zenithminer.com",# # # # # #,0,2018-02-17 23:54:45,
DisruptionJoe,0,0,Writing contest of 250 words for $500 in prizes. Enter with your Ethereum address. We post on @ Medium and whoever gets the most claps wins! We will send the prize ether and post the result transactions afterwards! # buidlhttps://medium.com/chicagoblockchainproject/using-ethereum-for-anonymous-contest-8915efc8240d …,#,0,2018-02-17 23:54:42,@
flashnewsportal,0,0,ETHEREUM explained in 100 seconds. http://fractt.com/ethereum-explained-in-100-seconds/ …,,0,2018-02-17 23:54:33,
viabitcoin,0,0,"Bitcoin, Ripple, Ethereum Rally Hard - http://ift.tt/2BAfJjC",,0,2018-02-17 23:54:25,
twilightfunds,0,0,"Get paid for the computing power of your PC. Zenithminer generates cryptocurrency and pays you bitcoins or real-world money, be it dollars, rubles or any other currency. # Bitcoin # BitcoinToken # Ethereum # bitcoinmining # blockchain # cryptocurrency http://zenithminer.com",# # # # # #,0,2018-02-17 23:54:19,
1bitcoindaily,0,0,"Bitcoin, Ripple, Ethereum Rally Hard http://1bitcoindaily.com/blog/bitcoin-ripple-ethereum-rally-hard/ …",,0,2018-02-17 23:54:15,
mostylescrypto,0,0,Better get ready # cryptocurrency # telegram # bitcoin # ethereum # altcoins # btc # eth # xrp # ripple # cryptonewspic.twitter.com/mNCkzeM2XN,# # # # # # # # # #,0,2018-02-17 23:54:09,
twilightfunds,0,0,"Get paid for the computing power of your PC. Zenithminer generates cryptocurrency and pays you bitcoins or real-world money, be it dollars, rubles or any other currency. # Bitcoin # BitcoinToken # Ethereum # bitcoinmining # blockchain # cryptocurrency http://zenithminer.com",# # # # # #,0,2018-02-17 23:54:09,
SportsbookBTC,0,0,"# Bitcoin Bitcoin, Ripple, Ethereum Rally Hard http://dlvr.it/QGngtB  via → http://goo.gl/nnFPIZ",#,0,2018-02-17 23:54:07,
PennyStocksMomo,0,0,"# Bitcoin Bitcoin, Ripple, Ethereum Rally Hard http://dlvr.it/QGngtC  via → http://goo.gl/nnFPIZ",#,0,2018-02-17 23:54:07,
twilightfunds,0,0,"Get paid for the computing power of your PC. Zenithminer generates cryptocurrency and pays you bitcoins or real-world money, be it dollars, rubles or any other currency. # Bitcoin # BitcoinToken # Ethereum # bitcoinmining # blockchain # cryptocurrency http://zenithminer.com",# # # # # #,1,2018-02-17 23:54:03,
twilightfunds,0,0,"Get paid for the computing power of your PC. Zenithminer generates cryptocurrency and pays you bitcoins or real-world money, be it dollars, rubles or any other currency. # Bitcoin # BitcoinToken # Ethereum # bitcoinmining # blockchain # cryptocurrency http://zenithminer.com",# # # # # #,0,2018-02-17 23:53:58,
CryptoMariam,0,0,# NEOBLACK # ETHEREUM # BITCOIN # AIRDROP # FREETOKEN https://goo.gl/forms/NQy8VIZvhetvFZ073 … @ Ibkehinde04 @ adebayorazaq726 @ Ayomayowa247 @EtherUcoin @ vechainoffciall,# # # # #,0,2018-02-17 23:53:57,@ @ @ @EtherUcoin @
twilightfunds,0,0,"Get paid for the computing power of your PC. Zenithminer generates cryptocurrency and pays you bitcoins or real-world money, be it dollars, rubles or any other currency. # Bitcoin # BitcoinToken # Ethereum # bitcoinmining # blockchain # cryptocurrency http://zenithminer.com",# # # # # #,0,2018-02-17 23:53:53,
twilightfunds,0,0,"Get paid for the computing power of your PC. Zenithminer generates cryptocurrency and pays you bitcoins or real-world money, be it dollars, rubles or any other currency. # Bitcoin # BitcoinToken # Ethereum # bitcoinmining # blockchain # cryptocurrency http://zenithminer.com",# # # # # #,0,2018-02-17 23:53:48,
StockTraderCan,0,0,Watch Best Cryptocurrency Exchange For Buying Bitcoin And Ethereum – International Bitcoin Exchange http://canadianstocktrader.ca/watch-best-cryptocurrency-exchange-for-buying-bitcoin-and-ethereum-international-bitcoin-exchange/ …pic.twitter.com/xZKcPikr52,,0,2018-02-17 23:53:46,
twilightfunds,0,0,"Get paid for the computing power of your PC. Zenithminer generates cryptocurrency and pays you bitcoins or real-world money, be it dollars, rubles or any other currency. # Bitcoin # BitcoinToken # Ethereum # bitcoinmining # blockchain # cryptocurrency http://zenithminer.com",# # # # # #,0,2018-02-17 23:53:43,
inversionesBTC,0,0,MINERÍA EN LA NUBE contratos con poca inversión GRAN GANANCIA # BITCOINS # ETHEREUM # DASH # ZCASH AQUI: https://hashflare.io/r/D3340D25,# # # #,0,2018-02-17 23:53:37,
twilightfunds,0,0,"Get paid for the computing power of your PC. Zenithminer generates cryptocurrency and pays you bitcoins or real-world money, be it dollars, rubles or any other currency. # Bitcoin # BitcoinToken # Ethereum # bitcoinmining # blockchain # cryptocurrency http://zenithminer.com",# # # # # #,0,2018-02-17 23:53:37,
ETHSpeculator,0,0,Ethereum value: $973.4,,0,2018-02-17 23:53:31,
twilightfunds,0,0,"Get paid for the computing power of your PC. Zenithminer generates cryptocurrency and pays you bitcoins or real-world money, be it dollars, rubles or any other currency. # Bitcoin # BitcoinToken # Ethereum # bitcoinmining # blockchain # cryptocurrency http://zenithminer.com",# # # # # #,0,2018-02-17 23:53:31,
twilightfunds,0,0,"Get paid for the computing power of your PC. Zenithminer generates cryptocurrency and pays you bitcoins or real-world money, be it dollars, rubles or any other currency. # Bitcoin # BitcoinToken # Ethereum # bitcoinmining # blockchain # cryptocurrency http://zenithminer.com",# # # # # #,0,2018-02-17 23:53:25,
kriptocointr,0,0,BTCTurk Ethereum anlık değerler ETH: 3632 TL En Yüksek: 3644 TL En Düşük: 3525 TL # kriptopara # kriptocoin # ethereum # btcturk http://bit.ly/kripto-coin,# # # #,0,2018-02-17 23:53:25,
twilightfunds,0,0,"Get paid for the computing power of your PC. Zenithminer generates cryptocurrency and pays you bitcoins or real-world money, be it dollars, rubles or any other currency. # Bitcoin # BitcoinToken # Ethereum # bitcoinmining # blockchain # cryptocurrency http://zenithminer.com",# # # # # #,0,2018-02-17 23:53:20,
twilightfunds,0,0,"Get paid for the computing power of your PC. Zenithminer generates cryptocurrency and pays you bitcoins or real-world money, be it dollars, rubles or any other currency. # Bitcoin # BitcoinToken # Ethereum # bitcoinmining # blockchain # cryptocurrency http://zenithminer.com",# # # # # #,0,2018-02-17 23:53:15,
ivndunets,0,0,# IQeon # IQclash # Ethereum # IQeonICOhttps://twitter.com/IQeon/status/964547077454876672 …,# # # #,0,2018-02-17 23:53:14,
flashnewsportal,0,0,Ripple XRP Supera Ethereum e Fica em Segundo Lugar Depois do Bitcoin https://fractt.com/ripple-xrp-supera-ethereum-e-fica-em-segundo-lugar-depois-do-bitcoin/ …,,0,2018-02-17 23:53:11,
twilightfunds,0,0,"Get paid for the computing power of your PC. Zenithminer generates cryptocurrency and pays you bitcoins or real-world money, be it dollars, rubles or any other currency. # Bitcoin # BitcoinToken # Ethereum # bitcoinmining # blockchain # cryptocurrency http://zenithminer.com",# # # # # #,0,2018-02-17 23:53:10,
tekypromo,0,0,The CryptoKitties Competitors: 4 Ethereum Games That Are Catching Up http://blog.sye.host/index.php/2018/02/17/the-cryptokitties-opponents-four-ethereum-video-games-that-are-catching-up/ …,,0,2018-02-17 23:53:09,
BMToday,0,0,"Bitcoin Back Above $11,000 # Bitcoin # Blockchain # ETH # Litecoin # BitcoinCash # Altcoins # CryptoCurrency # BCH # XVG # EOS # Ethereum # Ripple # BCash # LTC # Dash # XMR # Neo # Nem # TRON # Markets # EthereumClassic # BTC # Cryptopic.twitter.com/HhLq1yjQyh",# # # # # # # # # # # # # # # # # # # # # # #,3,2018-02-17 23:53:08,
tekyboy,0,0,The CryptoKitties Competitors: 4 Ethereum Games That Are Catching Up http://blog.sye.host/index.php/2018/02/17/the-cryptokitties-opponents-four-ethereum-video-games-that-are-catching-up/ …,,0,2018-02-17 23:53:07,
syeservices,0,0,The CryptoKitties Competitors: 4 Ethereum Games That Are Catching Up http://blog.sye.host/index.php/2018/02/17/the-cryptokitties-opponents-four-ethereum-video-games-that-are-catching-up/ …,,0,2018-02-17 23:53:06,
twilightfunds,0,0,"Get paid for the computing power of your PC. Zenithminer generates cryptocurrency and pays you bitcoins or real-world money, be it dollars, rubles or any other currency. # Bitcoin # BitcoinToken # Ethereum # bitcoinmining # blockchain # cryptocurrency http://zenithminer.com",# # # # # #,0,2018-02-17 23:53:06,
amberco88764116,0,0,"Bit_Real # ICO, is a # Blockchain based # Decentralized platform for AR VR 3D # Gaming. Sharing, Exchange, Viewing, Creating, & Gaming of # VR # 3D # AR Content. # Tokensale # Airdrop # Bounty for # Freecoin # Bitcoin # cryptocurrency # ETHEREUM # ERC20https://docs.google.com/forms/d/e/1FAIpQLSfXVBkzl_czfzSlFK1Nh8z6qYbygzYpTi60yrls3GawlNoQEA/viewform …",# # # # # # # # # # # # # # #,0,2018-02-17 23:53:04,
twilightfunds,0,0,"Get paid for the computing power of your PC. Zenithminer generates cryptocurrency and pays you bitcoins or real-world money, be it dollars, rubles or any other currency. # Bitcoin # BitcoinToken # Ethereum # bitcoinmining # blockchain # cryptocurrency http://zenithminer.com",# # # # # #,0,2018-02-17 23:52:59,
lingmackamoto,0,0,"Our Satoshi, who art in Heaven. Bitcoin be thy name. Your miners come. Your blockchain be done, in Altcoins as it is in Ethereum. Give us our Lambos and daily bull runs and forgive us our Fud, as we forgive those who panic sell against us. And lead us not into Fomo but .",,0,2018-02-17 23:52:58,
twilightfunds,0,0,"Get paid for the computing power of your PC. Zenithminer generates cryptocurrency and pays you bitcoins or real-world money, be it dollars, rubles or any other currency. # Bitcoin # BitcoinToken # Ethereum # bitcoinmining # blockchain # cryptocurrency http://zenithminer.com",# # # # # #,0,2018-02-17 23:52:52,
twilightfunds,0,0,"Get paid for the computing power of your PC. Zenithminer generates cryptocurrency and pays you bitcoins or real-world money, be it dollars, rubles or any other currency. # Bitcoin # BitcoinToken # Ethereum # bitcoinmining # blockchain # cryptocurrency http://zenithminer.com",# # # # # #,0,2018-02-17 23:52:47,
hive_mind_AI,0,0,Thanks. Are they all or most of them on the Ethereum blockchain?,,0,2018-02-17 23:52:46,
twilightfunds,0,0,"Get paid for the computing power of your PC. Zenithminer generates cryptocurrency and pays you bitcoins or real-world money, be it dollars, rubles or any other currency. # Bitcoin # BitcoinToken # Ethereum # bitcoinmining # blockchain # cryptocurrency http://zenithminer.com",# # # # # #,0,2018-02-17 23:52:41,
EndroApalah,0,0,//docs.google.com/forms/d/e/1FAIpQLSerZ3huHQS4Dxxfx5GUClO280O09iwtQnS5zhsxtBJvHFCouw/viewform?usp=sf_link … # Airdrop # SipToken # Ethereum,# # #,0,2018-02-17 23:52:36,
twilightfunds,0,0,"Get paid for the computing power of your PC. Zenithminer generates cryptocurrency and pays you bitcoins or real-world money, be it dollars, rubles or any other currency. # Bitcoin # BitcoinToken # Ethereum # bitcoinmining # blockchain # cryptocurrency http://zenithminer.com",# # # # # #,0,2018-02-17 23:52:35,
cryptoupdates4,0,0,Neblio (NEBL) Threatens Ethereum (ETH) In A Unique Way https://stocksgazette.com/2018/02/17/neblio-nebl-threatens-ethereum-eth-in-a-unique-way/ … via @ Crypto Gazette,,0,2018-02-17 23:52:32,@
naijmakro1996,0,0,VERY SOON @ DeepOnionx will release # votecentral. Now the community that have a lot of Onions now can participate in this project. # Ethereum # Monero # bitcoin # Litecoin # Verge # Dogecoin # DASH # Spectrecoin # XVG # SHIELD # Zcoinpic.twitter.com/Nxa2lkyWsq,# # # # # # # # # # # #,2,2018-02-17 23:52:32,@
twilightfunds,0,0,"Get paid for the computing power of your PC. Zenithminer generates cryptocurrency and pays you bitcoins or real-world money, be it dollars, rubles or any other currency. # Bitcoin # BitcoinToken # Ethereum # bitcoinmining # blockchain # cryptocurrency http://zenithminer.com",# # # # # #,0,2018-02-17 23:52:30,
dlrufkgk,0,0,"Cryptocurrency Market Recovers to $500 Billion as Bitcoin, Ethereum Record Gains pic.twitter.com/NSDasIdXiD",,0,2018-02-17 23:52:23,
cryptofficiel,0,0,Join CEEK airdrop :https://goo.gl/YrJxQc # btc # bitcoin # xrp # ripple # eth # ethereum # neo # xmr # monero # airdrop # crypto # cryptocurrency # litecoin # ltc # usd # euro # airdrops,# # # # # # # # # # # # # # # # #,0,2018-02-17 23:52:23,
twilightfunds,0,0,"Get paid for the computing power of your PC. Zenithminer generates cryptocurrency and pays you bitcoins or real-world money, be it dollars, rubles or any other currency. # Bitcoin # BitcoinToken # Ethereum # bitcoinmining # blockchain # cryptocurrency http://zenithminer.com",# # # # # #,0,2018-02-17 23:52:23,
twilightfunds,0,0,"Get paid for the computing power of your PC. Zenithminer generates cryptocurrency and pays you bitcoins or real-world money, be it dollars, rubles or any other currency. # Bitcoin # BitcoinToken # Ethereum # bitcoinmining # blockchain # cryptocurrency http://zenithminer.com",# # # # # #,0,2018-02-17 23:52:18,
fgolobovant,0,0,Start Trade at # Binance Exchange and earn money Register and enjoy http://www.binance.com/?ref=15020392 # Bitcoin # Blockchain # Litecoin # Ethereum # Ripple # Tron # NEO # Dash # Monero # Zcash # BitcoinCash # Iota # Verge # NANO # Raiblocks # Cryptos # cryptocurrencypic.twitter.com/m5b65dyHJX,# # # # # # # # # # # # # # # # # #,1,2018-02-17 23:52:12,
twilightfunds,0,0,"Get paid for the computing power of your PC. Zenithminer generates cryptocurrency and pays you bitcoins or real-world money, be it dollars, rubles or any other currency. # Bitcoin # BitcoinToken # Ethereum # bitcoinmining # blockchain # cryptocurrency http://zenithminer.com",# # # # # #,0,2018-02-17 23:52:12,
Crypto__Alpaca,0,0,Alpaca to the MOONNNNN！ # bitcoin # Ethereum # EOS # cryptocurrency # airdrop # Cryptogame # alpaca # Tothemoonpic.twitter.com/hpzqD3ZBXR,# # # # # # # #,1,2018-02-17 23:52:05,
md_jamal_molla,0,0,"Do you want to be part of the greatest adventure of your life? Then be part of @ Failtoken, unlike other # ICOs, it stays true to the promises. With their worthless token, you will get experience of lifetime! https://failtoken.tk/ # failure # blockchain # ethereum # fail # presale",# # # # # #,1,2018-02-17 23:52:05,@
politicalHEDGE,0,0,"The Article Titled How The Ethereum # Blockchain Technology Will Transform Digital Asset Value║https://hedgeaccordingly.com/2018/01/how-the-ethereum-blockchain-technology-will-transform-digital-asset-value.html … First Entered The # bitcoin Zeitgeist On January 17, 2018@5:10pm",# #,0,2018-02-17 23:52:03,@5
ccyuen5069,0,0,# Airdrop # Figacoin # Bitcoin # Ethereum # Cryptocurrency FIGA COIN Decentralized Photo Sharing Platform Airdrop GET 50 FGA Coin Sign Up Now Limited To First 10000 Sign Up -https://goo.gl/PY5PMW,# # # # #,0,2018-02-17 23:51:56,
viralizeed,0,0,Most # viral News Now: How Joseph Lubin Cofounded Ethereum And Scored A Billion-Dollar Fortune https://www.forbes.com/sites/laurashin/2018/02/07/joseph-lubin-ethereum-ether-consensys-crypto-cryptocurrency …,#,1,2018-02-17 23:51:38,
AltcoinSignals_,0,0,"The Abyss Platform Participation ICO register-> https://goo.gl/RoipRJ  Potential Earnings: Very high!!! Now: 0,24$ Target: 10-15$ # ICO # Ethereum # Daico # ico # Token # BNB # BTC # ETH # Bitcoin # Blockchain # CryptoMarkets # CryptoCurrency $ BNB # Airdrop # PreICO $ ETHpic.twitter.com/hUsG5LIZuG",# # # # # # # # # # # # # #,0,2018-02-17 23:51:09,
_CryptoAirdrop_,0,0,WMT Airdrop Get 88 Tokens WMT -> http://www.mycandybag.net/wmt/?code=EVCUO1MN … (Try with Internet Explorer if Mozilla Firefox doesn't work) - Enter ETH wallet adress - Follow Telegram # blockchain # cryptocurrency # cryptomonnaie # Airdrop # airdropalert # bitcoin # BTC # ETH # Ethereum,# # # # # # # # #,2,2018-02-17 23:51:01,
mukhtar6021,0,0,How To Create An Ethereum Account https://youtu.be/ZD-VYGT9PxY  via @ YouTube # blockchain,#,0,2018-01-07 23:43:05,@
mpreciado89,0,0,"And too think I wasn’t going to buy # Ethereum at 1,006... Thank god I did.",#,0,2018-01-07 23:43:00,
socialrichness,0,0,Buy bitcoin Litcoin or ethereum on @ Kucoin Get your free free coins . . . . . # Cryptocurrency # DigitalCurrency # ripple # TRX # XVG # XRP # BTC # LTC # ETH # Cryptocurrency # Kucoin # bitcoinwallet # tradebitcoin http://socialrichness.com/Kucoin,# # # # # # # # # # # # #,0,2018-01-07 23:42:59,@
eugene20480717,0,0,"Earn points by sharing, connecting accounts and watching streams & unlock prizes! Telegram bot link: https://earn.refereum.com/Telegram/7a089f2e-c920-4e9e-b026-ec7fed3fda71 … Discord referral link: https://goo.gl/xFrKUd # Airdrop # bitcoin # ethereum # litecoin # ripple # dash # monero # dogecoin # nem # nxt # peercoin # potcoin # btc",# # # # # # # # # # # # #,0,2018-01-07 23:42:55,
dreamgotowinSFI,0,0,"Bitcoin Exchange: Bitcoin, Ethereum, Monero, Zcash / HitBTC https://fb.me/DCC33bEt",,0,2018-01-07 23:42:54,
umeshs16,0,0,"$ XVG, $ LA (LAToken), $ BLUE (Ethereum Blue)",,0,2018-01-07 23:42:50,
Ethereum_AI,0,0,$10 trillion market cap? Bigger than Nasdaq. Roughly 10% of all the world money.,,0,2018-01-07 23:42:33,
mlgkrypto,0,0,Those who sleep are going to slip out # trx # tronix # cripto # eth # Ethereum,# # # # #,0,2018-01-07 23:42:27,
JacksonJane3,0,0,i ll sell.mine for 3 ethereum,,0,2018-01-07 23:42:26,
Dimeji60354523,0,0,# airdrop # airdropalert # airdrops # bounty # bountyhunter # crypto # cryptocurrencies # blockchain # Bitcoin # ethereum # BTC # ETH # bananatoken # etherdelta # Airdropfinder,# # # # # # # # # # # # # # #,1,2018-01-07 23:42:19,
FWyineMagazine,0,0,# FinTechFOCUS© http://flip.it/cUE1AG # FinTech # Investment # BitCoin # BlockChain # Stocks # Shares # Trading # Derivatives # StockMarket # FOREX # Ethereum # Cryptocurrency # Finance # VentureCapital # Markets,# # # # # # # # # # # # # # # #,0,2018-01-07 23:42:10,
Bitcoinlanding,0,0,Incoming # ethereum break out again. Don't think the sell walls are going to hold. # gdax over 1100. If not... https://fb.me/7Zv6EfbWM,# #,0,2018-01-07 23:41:54,
cryptoha,0,0,1700 $ ETH # ETH # Ethereum I am telling you. Soon.,# #,0,2018-01-07 23:41:52,
GetCoinAlerts,0,0,Ethereum $ ETH new all time high! Last price: $1101.64 USD,,2,2018-01-07 23:41:52,
FINANCIALABYSS,0,0,How if the answer for writing-off global monumental debt is with the invention of global monumental wealth that will dwarf the former? # EconomicRights # Bitcoin # Ethereum # altcoins # Blockchain,# # # # #,0,2018-01-07 23:41:51,
Bitcoinlanding,0,0,"Incoming # ethereum break out again. Don't think the sell walls are going to hold. # gdax over 1100. If not this push, the next one. # coinbase # litecoin # bitcoin # bitcoincash",# # # # # #,0,2018-01-07 23:41:45,
NotSatoshi_,0,0,Who are these people buying Binance or Bittrex accounts for 10 BTC ? Are they really worth that much ? Does having a @ BittrexExchange and @ binance_2017 account add 20 BTC to my wealth ? Some one please explain how !! # Bitcoin # Litecoin # Ethereum # cryptocurrency,# # # #,0,2018-01-07 23:41:33,@ @
Brandon27380160,0,0,# TRON COIN # TRX is now available in Korean market as of 6pm Eastern standard time get your tron now!!!!!!! Before it shoots up and you miss your chance! # TRON # Ethereum # trx # blockchain # cryptocurrency # cryptocurrencynews # coinrail,# # # # # # # # #,1,2018-01-07 23:41:22,
CoinHodl,0,0,Incorporate Ethereum guys and for the love of God ever Ripple joke crypto currency XRP,,0,2018-01-07 23:41:19,
Jay_Profits,0,0,"ICYMI: EtherZero - A Revolutionary Ethereum Hard Fork, Forking on 19th Jan 2018 - Cointelegraph (Bitcoin, Cryptocurrency and Blockchain News) http://dlvr.it/Q9HVJX pic.twitter.com/LNBjsdYkwi",,0,2018-01-07 23:41:13,
Jay_Profits,0,0,ICYMI: Is Ethereum Still A Buy At This Price? - Seeking Alpha http://dlvr.it/Q9HVGS pic.twitter.com/ccT5xdNN14,,0,2018-01-07 23:41:10,
r_Ethereum,0,0,"EtherWorld's weekly: January 7, 2018 # Ethereum http://ift.tt/2mbXBUM",#,0,2018-01-07 23:41:07,
startuprad_io,0,0,What Is # Ethereum? https://buff.ly/2Cc3nfX pic.twitter.com/zcbd3Yyz0V,#,0,2018-01-07 23:41:03,
cryptorabbit420,0,0,"Willing to sell my # crypto accounts at @ Cryptopia_NZ @ Poloniex @ BittrexExchange for 1,5 $ btc each. # crypto # bitcoin # ethereum # exchanges # sale",# # # # # #,1,2018-01-07 23:40:47,@ @ @
guaclick,0,0,Im so glad I got Ethereum 2 months ago dawg,,0,2018-01-07 23:40:21,
MazzarothLeo,0,0,Altcoin.io - Decentralized Cryptocurrency Exchange - # bitcoin # ethereum # crypto # altcoins Sign up for early access: http://www.altcoin.io?kid=KHX7Taltcoin.io/?kid=KHX7T,# # # #,0,2018-01-07 23:40:20,
cryptopusco,0,0,we finally updated our GitHub API repo: https://github.com/cryptopus/cryptopusLicense …. # ICO # ITO # API # Release # BTC # ETH # Blockchain # smartcontracts # Ethereum,# # # # # # # # #,4,2018-01-07 23:40:06,
cot_criptomoeda,0,0,"O valor médio das criptomoedas é: Bitcoin(BTC) R$ 51911,64 Litecoin(LTC) R$ 811,01 Bitcoin Cash(BCH) R$ 7949,72 Ethereum(ETH) R$ 2925,19 # bitcoin # litecoin # bitcashcoin # ethereum",# # # #,0,2018-01-07 23:40:04,
thedave2006,0,0,"Very interesting action in Litecoin, Ethereum, Ripple, NEO, TRON and Bitcoin.",,0,2018-01-07 23:40:03,
CanalTreceCO,0,0,"Miles de sitios web en el mundo están siendo utilizados por estafadores para crear monedas digitales como bitcóin, ethereum, entre otras, a espaldas de sus visitantes https://canaltrece.com.co/noticias/los-hackers-podrian-estar-usando-su-computadora-para-fabricar-criptomonedas/ …",,0,2018-01-07 23:40:00,
Bleeding_Crypto,0,0,Qtum Partners With Baofeng To Become Bigger Than Bitcoin And Ethereum https://paymentweek.com/2018-1-5-qtum-partners-baofeng-become-bigger-bitcoin-ethereum/ …,,3,2018-01-07 23:39:41,
prasla_79,0,0,How about cheap coin on ED; have a look at ELTCOIN and Ethereum Blue,,0,2018-01-07 23:39:37,
coinstories,0,0,"Careful Ripple, Ethereum's Coming for You https://trib.al/y8GG2zv",,0,2018-01-07 23:39:08,
blakehorton2,0,0,"Buy Ethereum on Coinbase, exchange for Xrp/Ripple on Binance.",,0,2018-01-07 23:38:46,
inversionesBTC,0,0,MINERÍA EN LA NUBE con contratos con poca inversión. # BITCOINS # ETHEREUM # DASH # ZCASH https://hashflare.io/r/D3340D25,# # # #,0,2018-01-07 23:38:45,
McFatty_XXL,0,0,ICX is the Korean ethereum that’s what’s hot right now. Not bitcoin or bcash hahaha,,0,2018-01-07 23:38:31,
kingsimba9275,0,0,What if @ justinsuntron went to San Fran today to meet with # Alibaba that's right down the street from # tron new office... wanna become a millionaire? # trx # tron # vrg # WraithProtocol # BTC # LTC # Ethereum,# # # # # # # # #,1,2018-01-07 23:38:22,@
budi461212,0,0,https://docs.google.com/forms/d/e/1FAIpQLSeB9ez2lU6plwoIb4qDLUoyJEBajGDjLV10DFWFJ5A5sxa03Q/viewform … # AIRDROP # MTIP # ERC20 # ETHEREUM # LIVE,# # # # #,0,2018-01-07 23:38:17,
GTNinnovation,0,0,Will Ethereum Classic Follow the Success of # Bitcoin Cash? https://coinidol.com/ethereum-classic-follow-success-of-bitcoin-cash/ … # Cryptocurrencypic.twitter.com/0zg74Ht1x3,# #,0,2018-01-07 23:38:13,
kevinmonserrat,0,0,Will Ethereum Classic Follow the Success of # Bitcoin Cash? https://coinidol.com/ethereum-classic-follow-success-of-bitcoin-cash/ … # Cryptocurrencypic.twitter.com/zAiRQmQUTQ,# #,0,2018-01-07 23:38:11,
bloktcrypto,0,0,"""will use a system called hashing to combine all of the daily votes into one transaction and broadcast it to the main Ethereum Blockchain network."" In this case, the data can be tampered with before it reaches the ETH network, missing out on the benefits of decentralization.",,0,2018-01-07 23:37:53,
itsdeep09,0,0,"Sether @ setherplatform # ico is live until 14th feb , do buy it fast , 40% bonus is applicable till 14th january only . you can buy tokens with even 0.1 ether . # SETHER # sale # ico # Ethereum # bitcoin # Cryptocurreny",# # # # # # #,0,2018-01-07 23:37:48,@
AndiFirmanda3,0,0,# Airdrop # Bounty # Freecoin # Crypto # Cryptocurreny # Bitcoin # Ethereum # Altcoins # Blockchain # BTC # ETH #HODLhttps://docs.google.com/forms/d/e/1FAIpQLSdteUxJIhmsacysz9qSPNc-BeQH8uzXzO8kIdzuMNeUeLDrLw/viewform,# # # # # # # # # # # #HODLhttps,0,2018-01-07 23:37:42,
GununGazetesi_,0,0,Ethereum Teknik Analizi http://www.gunungazetesi.com/ethereum-teknik-analizi-4/ …pic.twitter.com/P97XK0mLZj,,0,2018-01-07 23:37:40,
xubrent88,0,0,Been going to # crefc for many years now. Honored to speak this year on Bytes & Peices: Blockchain Technology in CRE # Ethereum # blockchain,# # #,0,2018-01-07 23:37:37,
Russeeell_,0,0,I hope all you millennials r buying into ethereum and ripple and making sum coin !!!!,,0,2018-01-07 23:37:35,
artsokolov,0,0,Crypto currency investor needed. About 500% profit a year! Please DM # crypto # bitcoin # ethereum # btc # etc # investing,# # # # # #,0,2018-01-07 23:37:33,
ThePumpPros,0,0,"7 for 7 on the # McAfee # pumps. DM me to get in on the next one. Always in at the bottom, always 2x money! # bitcoins # bitcoin # altcoins # bitcoinnews # crypto # cryptocurrency # cryptonews # passiveincome # electroneum # ethereum # futures # coins # dash # zcash # monero # blockchain $ BTC $ SCpic.twitter.com/U0tkCyLEXD",# # # # # # # # # # # # # # # # # #,0,2018-01-07 23:37:08,
Moneycash8789,0,0,"ETHEREUM. if spelled backwards it reads MUEREHTE witch means die in spanish and other similar languages, and it's simbol is a TRIANGLE. Coinsidence? Elites like hiding simbols on plain site.",,0,2018-01-07 23:37:07,
mrbrockvond,0,0,the memo was put out on the Ethereum blockchain but... cats fucked up the delivery.,,0,2018-01-07 23:37:06,
EricSandquist,0,0,Altcoin.io - Decentralized Cryptocurrency Exchange - # bitcoin # ethereum # crypto # altcoins Sign up for early access: http://www.altcoin.io?kid=H0ZJBaltcoin.io/?kid=H0ZJB,# # # #,0,2018-01-07 23:37:04,
TheBitcoinNews,0,0,"Ripple and Bitcoin, Watch Out: Ethereum Price Passes $1000 for First Time - Inverse - http://bit.ly/2m4uORe  Advertise # ICO https://goo.gl/1yd8MW # TheBitcoinNewspic.twitter.com/CNAjwIwZXu",# #,0,2018-01-07 23:36:43,
ThePumpPros,0,0,# McAfee # pump Coin of the Week is tomorrow. Last call to get the system & get it ready. DM me. $ ICX $ TRX $ LINK $ RISE $ VEN $ WABI $ DNT $ SC $ ONION $ PART $ NAV $ STRAT $ DRGN $ WAVES $ UBQ $ PHR $ XRB $ RDD $ LEND $ SC $ DOGE $ TKS $ DP $ COSS $ BIX $ ALTS $ DOVU # altcoins # bitcoin # ethereum # cryptopic.twitter.com/BTuVq8lMpK,# # # # # #,1,2018-01-07 23:36:36,
RootXKhan,0,0,What is new in the news of crypto? Verge and Lite Coin going up ? Any chance ? Ethereum would be rally up?,,0,2018-01-07 23:36:35,
CrptoWorld,0,0,"$NewAIRDROP WORLD’S FIRST HYPERLOCAL BLOCKCHAIN PROTOCOL 1000x+ Faster than Dash,Ethereum & Bitcoin(in order). Truly democratic(No hogging or polluting of PoS/PoW). Dynamic zones for global continuity https://www.talking.im/airdrop/2yhvbc7sGS …",,0,2018-01-07 23:36:33,
coinpricenow,0,0,1 Bitcoin Dollar: 16302.5 $ TRY: 58377.42 ₺ 1 Etherium Dollar: 1100.83 $ TRY: 3952.15 ₺ Time : 23:36 Date: 7.1.2018 # Bitcoin # BTCUSD # BTC # ETH # Ethereum # cryptocurrency,# # # # # #,0,2018-01-07 23:36:32,
nicksdjohnson,0,0,"No, even better: you're a Software Architect for Ethereum.",,0,2018-01-07 23:36:23,
pdfkungfoo,0,0,"Put a few # Bitcoin, # Ethereum, # WhateverCoin addresses on page 2 of # PoCorGTFO?",# # # #,0,2018-01-07 23:36:09,
deanelwood,0,0,"Same as @ howethomas - Ethereum smart contracts as part of comms chain, but also not really seen market pull yet. Believe it has value though.",,0,2018-01-07 23:35:33,@
ETHGasStation,0,0,"By the way, if this commit gets included, does this mean I can tell my friends I’m an ‘ethereum dev’ ? :)",,0,2018-01-07 23:35:33,
Dundee04077974,0,0,Icon huge # blockchain great partners $ icx is moving up the new # ethereum top 5 coin $ wtc $ ok $ dgb $ ltc # litecoin # NEO # bitcoinhttps://twitter.com/SpecRationality/status/944608664668606464 …,# # # # #,2,2018-01-07 23:35:31,
ETHSpeculator,0,0,Ethereum value: $1099.98,,1,2018-01-07 23:35:30,
ETHClassicPrice,0,0,Ethereum Classic value: $35.24,,0,2018-01-07 23:35:29,
bitethfinder,0,0,"Get Paid in # Bitcoin & # Altcoin Every 3 Hours 24/7 Passively For Being Part Of This Powerful Mining Pool. START MINING TODAY # BTC, # Ethereum, # Dash, # Burst, # Zcash, # Nem, # Monero, # XMR # GameCredit # Cryptocurrency # Money http://bit.ly/pwrmining pic.twitter.com/OeyAuZ6M16",# # # # # # # # # # # # #,0,2018-01-07 23:35:06,
Odin__Valhalla,0,0,So excited to have purchased my first .4 of Ethereum!,,0,2018-01-07 23:35:00,
sergio07leite,0,0,Governo brasileiro planeja processar petições e criar leis sobre o Ethereum https://br.cointelegraph.com/news/brazilian-government-plans-to-process-petitions-and-write-laws-on-ethereum … via @ Cointelegraph,,0,2018-01-07 23:34:46,@
gaudi821,0,0,# Ethereum https://jp.cointelegraph.com/news/brazilian-government-plans-to-process-petitions-and-write-laws-on-ethereum …,#,4,2018-01-07 23:34:34,
Ernst_blok,0,0,# ethereum & # consensys. Video: Joe # Lubin on Building One of # Blockchain 's Biggest # Startups http://bit.ly/2Eu5iNU  via @ CoinDesk,# # # # #,0,2018-01-07 23:33:58,@
vieiraUAE,0,0,“AI Predicts Bitcoin Price Plunge While Ethereum Soars to $1080. SEC approved! $ BTCUSD $ ETHUSD ”https://twitter.com/i/moments/950148035199332354 …,,0,2018-01-07 23:33:41,
coinabsolutecom,0,0,"VERGE ANNOUNCES BIG NEWS RELEASE ON MONDAY, JANUARY 8TH : WHAT WILL IT BE ? FOLLOW US AND BE THE FIRST TO FIND OUT # bitcoin # ethereum # litecoin # ripple # blockchain # cryptoworld # cryptocurrency # cryptocurrencies # litecoin # monero # iota # dash # bitcoincash # wallstreet # neo # Binancepic.twitter.com/xeMzNVs4zc",# # # # # # # # # # # # # # # #,0,2018-01-07 23:33:30,
48Growth,0,0,Ethereum And Bitcoin: What's The Difference? http://dld.bz/fnDDq # Ethereum # bitcoin # blockchainpic.twitter.com/RoGOnR1CoX,# # #,0,2018-01-07 23:33:17,
bswdomains,0,0,http://MoneyInvestments.net  - For sale! DM or Email offers! # Money # Investments # Stocks # Bitcoin # Litecoin # Ethereum # Domains # DomainNames,# # # # # # # #,0,2018-01-07 23:33:16,
sjkelleyjr,0,0,"Had to create a token on the Ethereum blockchain for my next article for ETHLend, I am now the proud owner of all of the JacksonCoin in the universe. $ lend # ETHLend # Crypto # cryptocurrencies # Cryptocurreny # ERC20 # Ethereum $ ETH $JACKSON # jacksoncoin # Blockchain",# # # # # # # #,1,2018-01-07 23:33:16,
thenareshyadav,0,0,Add # Dentacoin to your # Wallet it's going to hit 0.05$ before end of # march2018 # Bitcoin # bitcoinprice # ethereum # Electroneum # litecoin # dogecoin # DigitalMarketing # DigitalCurrency # smartcontracts # poma # poloniex # dgb # siacoin # cryptocurrencynews # altcoinpic.twitter.com/TgXWSBqNtA,# # # # # # # # # # # # # # # # # #,0,2018-01-07 23:32:49,
ripplebot_cs,0,0,"# Ripple News Alert! Ethereum Hits Record High, Ripple Slips Lower -- https://www.investing.com/news/cryptocurrency-news/ethereum-hits-record-high-ripple-slips-lower-1072351 … # XRP $ XRP",# #,0,2018-01-07 23:32:36,
cryptoha,0,0,Just went $ ETH # ETH # Ethereum pic.twitter.com/OZRq9Xl3vB,# #,0,2018-01-07 23:32:34,
leeorshimron,0,0,Total # ethereum public addresses increasing exponentially. Reflects actual utility and organic growth of the ethereum network http://bit.ly/2zWXnVH,#,0,2018-01-07 23:32:19,
DidoEL22,0,0,@ ManorCoin is a # RealEstate # ICO # TokenSale to # Buy # Sell # Rent # Invest # Trade # Property - A Fully # BlockChain # Airdrop # Bounty # Freecoin # Crypto # Cryptocurreny # Bitcoin # Ethereum # Altcoins # Blockchain # BTC # ETHhttps://docs.google.com/forms/d/e/1FAIpQLSdteUxJIhmsacysz9qSPNc-BeQH8uzXzO8kIdzuMNeUeLDrLw/viewform …,# # # # # # # # # # # # # # # # # # # # #,0,2018-01-07 23:31:54,@
darkisdarkn1,0,0,Check out this ethereum - solidity “smart contract” and leave your oppinion https://goo.gl/fb/dNNgDC,,0,2018-01-07 23:31:39,
CoinAffiliate,0,0,"Thanks for the free Finacoin's John https://finacoin.io/r/?referer=ChrisCoinicelli … # blockchain, # crypto, # bitcoin, # ethereum, # cryptocurrencyhttps://twitter.com/officialmcafee/status/950141704681779200 …",# # # # #,0,2018-01-07 23:31:20,
Victori06039966,0,0,I have 1 binance and 1 Cryptopia Account for sale if anyone is interested DM me. # binance # cryptopia # btc # ltc # trx # xvg # ethereum # cryptocurency # ripple # XRP # crypto # bitcoin # Altcoins # litecoin # TRON # NEBL # XRB # RaiBlocks,# # # # # # # # # # # # # # # # # #,0,2018-01-07 23:31:15,
BitcoinWaifu,0,0,Are You Bullish Or Bearish On # Dash? Start # Trading # DashUSD Today! http://www.ElixiumCapital.com/Dash/  Up To 20:1 Leverage! No FIAT Currency Required To Trade! # Bitcoin # BTC $ BTC # Crypto # Cryptocurrency # ETH # LTC # Ethereum # Litecoin # Blockchain # Privacy # Forex # Stocks # Investingpic.twitter.com/o9foMNvSCn,# # # # # # # # # # # # # # # #,0,2018-01-07 23:31:13,
vaycarious,0,0,I Make Mining Moves. Shop: http://rdbl.co/2Civb4T # bitcoin # ethereum # cryptocurrency # blockchain # inspiration # motivation # success # goalspic.twitter.com/4NiX4FJDjK,# # # # # # # #,0,2018-01-07 23:30:53,
Ah8viii,0,0,What price will Tron (TRX) bounce to today? # tron # trx # tronix # Alibaba # HODL # cryptocurrencynews # Crypto # cryptocurrencies # money # invest # stock # twitter # polls # bitcoin # litecoin # ltc # btc # ethereum # eth,# # # # # # # # # # # # # # # # # # #,3,2018-01-07 23:30:41,
KevinBCook,0,0,Thy herd cometh... # Bitcoin # Ethereum # Litecoin https://cointelegraph.com/news/new-york-stock-exchange-moves-on-bitcoin-etfs … via @ Cointelegraph,# # #,9,2018-01-07 23:30:26,@
AlexDelierre,0,0,Discover @ gems https://gems.org/  one of my favourite project in 2018! # litecoin # bitcoin # ethereum # XRP # LTC # BTC # ETH $ LTC $ ETH $ BTC $ BTH $ XRP $ XRPUSD $ qtm $ qtum # Cryptomonnaies # CryptoCurrencies # ripple # ICO $ MIOTA $ IOTA # IOTA # MIOTA # IOT # tron,# # # # # # # # # # # # # # #,0,2018-01-07 23:30:23,@
livecryptonews,0,0,"New post (Sony A9 Camera Review: Full Specification and Price List) has been published on LiveCrypto News - Bitcoin, Ethereum, NEO, ICO - https://www.livecrypto.news/sony-a9-camera-review-full-specification-and-price-list/ … # Crypto # Cryptonews # CryptoCurrencies",# # #,0,2018-01-07 23:30:18,
JerreGoesCrypto,0,0,"i have bought ethereum and send it to wallet on mercatox, there i exchanged it for kin",,0,2018-01-07 23:30:12,
SchusterDEV,0,0,"Yeah, they’re all copied. Except Ethereum. And Litecoin. And Monero. And Dash. And ZCash. And Waves. And QTUM. And Cardano. And....",,3,2018-01-07 23:30:06,
Bitcoin_price_8,0,0,BTC price: 16256 USD BTC price change 30 min: 1.19 % BTC 24 h price high: 17183 USD BTC all time high: 19666 USD # bitcoin # ethereum pic.twitter.com/J0raVmnFtN,# #,0,2018-01-07 23:30:05,
coin_chart,0,0,2018/01/08 08:30 # BTC 1958643円 # ETH 131943.8円 # ETC 4228.6円 # BCH 303914.1円 # XRP 333.4円 # XEM 216.7円 # LSK 4015.9円 # MONA 1016円 # 仮想通貨 # ビットコイン # Bitcoin # イーサリアム # Ethereum # ビットコインキャッシュ # リップル # Ripple # Coincheck,# # # # # # # # # # # # # # # # #,0,2018-01-07 23:30:04,
BestCoinslist,0,0,"@ LibriumToken, the # ICO giving # opportunity to all is ending today! Check it out on @ BestCoinslist - https://www.bestcoins.co/ico/librium # BestCoins # Blockchain # Ethereum # BTC # ETHpic.twitter.com/xtVKl0VRnJ",# # # # # # #,0,2018-01-07 23:30:00,@ @
realSimonBurns,0,0,I just immutably stored my friendship with @ agermanidis on the Ethereum blockchain. $4.56 in tx fees so that nobody questions our friendship. I’d say it’s worth it.,,1,2018-01-07 23:29:59,@
CoinAffiliate,0,0,"We can all get paid right here $$$$$ Free Finacoins https://finacoin.io/r/?referer=ChrisCoinicelli … # blockchain, # crypto, # bitcoin, # ethereum, # cryptocurrency",# # # # #,1,2018-01-07 23:29:41,
Cjbtokyo1,0,0,RSK Mines Its Genesis Block – Bitcoin Now Has an Ethereum-Like Smart Contracts Platform https://news.bitcoin.com/rsk-mines-genesis-block-bitcoin-ethereum-like-smart-contract-platform/ … via @ BTCTN # smartBTC sign up newsletter http://www.cjb.tokyo,#,0,2018-01-07 23:29:39,@
bitesizebitcoin,0,0,# RT @ DecentralizedTV: TETHER Goes Ethereum with USDT and EURT Tokens – TODAYS WTF? http://youtube.com/watch?v=anCvxKGfvLw&feature=youtu.be …https://decentralized.tv/tether-goes-ethereum-with-usdt-and-eurt-tokens-todays-wtf/ …,#,1,2018-01-07 23:29:22,@
CryptoCurrent,0,0,We officially do not have any more of that sub 1000 # ETH http://dlvr.it/Q9HRfp # ethtrader # ethereum # crypto # reddit,# # # # #,2,2018-01-07 23:29:13,
VadimKhizgilov,0,0,Did you get your ethereum yet?,,0,2018-01-07 23:28:54,
owlofwallstreet,0,0,Make sure to secure the your bags and take out or re-invest your profits in something else and don't be greedy in the FOMO. # Crypto # blockchain # Bitcoin # litecoin # Ethereum # Dash # Ripple $ BTC $ LTC $ ETH $ DASH $ XRP $ trx,# # # # # # #,0,2018-01-07 23:28:44,
FCAlexB,0,0,Yep 2018... # Ripple # Bitcoin # Coinbase $ XRP # Ethereum # LiteCoin People Selling ‘Fully Verified’ Crypto-Exchange Accounts on the rise https://news.bitcoin.com/people-selling-fully-verified-crypto-exchange-accounts-on-the-rise/ … via @ BTCTN,# # # # #,0,2018-01-07 23:28:34,@
